-- Inserts para tabela service
INSERT INTO service (id, description, name) VALUES (1, 'Banho completo conforme o porte e pelagem do pet', 'Banho');
INSERT INTO service (id, description, name) VALUES (2, 'Tosa higiênica de regiões específicas do pet', 'Tosa higiênica');
INSERT INTO service (id, description, name) VALUES (3, 'Tosa geral com máquina elétrica', 'Tosa na máquina');
INSERT INTO service (id, description, name) VALUES (4, 'Tosa suave ideal para filhotes', 'Tosa bebê');
INSERT INTO service (id, description, name) VALUES (5, 'Corte de pelos em formato de botinha', 'Botinha');
INSERT INTO service (id, description, name) VALUES (6, 'Desembolo dos pelos do pet', 'Desembolo');
INSERT INTO service (id, description, name) VALUES (7, 'Escovação dos dentes do pet', 'Escovação dentária');
INSERT INTO service (id, description, name) VALUES (8, 'Hidratação dos pelos', 'Hidratação');
INSERT INTO service (id, description, name) VALUES (9, 'Corte das unhas do pet', 'Corte de unha');

-- Inserts para tabela service_price_and_duration
INSERT INTO service_price_and_duration (id, duration, pet_coat, pet_size, price, service_id) VALUES (1, 30, 'pelagem curta', 'pet pp', 55.0,  1);
INSERT INTO service_price_and_duration (id, duration, pet_coat, pet_size, price, service_id) VALUES (2, 40, 'pelagem curta', 'pet p', 60.0,  1);
INSERT INTO service_price_and_duration (id, duration, pet_coat, pet_size, price, service_id) VALUES (3, 50, 'pelagem curta', 'pet m', 70.0,  1);
INSERT INTO service_price_and_duration (id, duration, pet_coat, pet_size, price, service_id) VALUES (4, 78, 'pelagem curta', 'pet g', 100.0,  1);
INSERT INTO service_price_and_duration (id, duration, pet_coat, pet_size, price, service_id) VALUES (5, 138, 'pelagem curta', 'pet gg', 140.0,  1);
INSERT INTO service_price_and_duration (id, duration, pet_coat, pet_size, price, service_id) VALUES (6, 30, 'pelagem longa', 'pet pp', 60.0,  1);
INSERT INTO service_price_and_duration (id, duration, pet_coat, pet_size, price, service_id) VALUES (7, 40, 'pelagem longa', 'pet p', 70.0,  1);
INSERT INTO service_price_and_duration (id, duration, pet_coat, pet_size, price, service_id) VALUES (8, 60, 'pelagem longa', 'pet m', 80.0,  1);
INSERT INTO service_price_and_duration (id, duration, pet_coat, pet_size, price, service_id) VALUES (9, 120, 'pelagem longa', 'pet g', 140.0,  1);
INSERT INTO service_price_and_duration (id, duration, pet_coat, pet_size, price, service_id) VALUES (10, 120, 'pelagem longa', 'pet gg', 140.0,  1);
INSERT INTO service_price_and_duration (id, duration, pet_coat, pet_size, price, service_id) VALUES (11, 10, 'pelagem curta', 'pet pp', 10.0,  2);
INSERT INTO service_price_and_duration (id, duration, pet_coat, pet_size, price, service_id) VALUES (12, 10, 'pelagem curta', 'pet p', 10.0,  2);
INSERT INTO service_price_and_duration (id, duration, pet_coat, pet_size, price, service_id) VALUES (13, 10, 'pelagem curta', 'pet m', 15.0,  2);
INSERT INTO service_price_and_duration (id, duration, pet_coat, pet_size, price, service_id) VALUES (14, 20, 'pelagem curta', 'pet g', 20.0,  2);
INSERT INTO service_price_and_duration (id, duration, pet_coat, pet_size, price, service_id) VALUES (15, 20, 'pelagem curta', 'pet gg', 20.0,  2);
INSERT INTO service_price_and_duration (id, duration, pet_coat, pet_size, price, service_id) VALUES (16, 10, 'pelagem longa', 'pet pp', 10.0,  2);
INSERT INTO service_price_and_duration (id, duration, pet_coat, pet_size, price, service_id) VALUES (17, 10, 'pelagem longa', 'pet p', 10.0,  2);
INSERT INTO service_price_and_duration (id, duration, pet_coat, pet_size, price, service_id) VALUES (18, 10, 'pelagem longa', 'pet m', 15.0,  2);
INSERT INTO service_price_and_duration (id, duration, pet_coat, pet_size, price, service_id) VALUES (19, 20, 'pelagem longa', 'pet g', 20.0,  2);
INSERT INTO service_price_and_duration (id, duration, pet_coat, pet_size, price, service_id) VALUES (20, 20, 'pelagem longa', 'pet gg', 20.0,  2);
INSERT INTO service_price_and_duration (id, duration, pet_coat, pet_size, price, service_id) VALUES (21, 60, 'pelagem curta', 'pet pp', 35.0,  3);
INSERT INTO service_price_and_duration (id, duration, pet_coat, pet_size, price, service_id) VALUES (22, 60, 'pelagem curta', 'pet p', 35.0,  3);
INSERT INTO service_price_and_duration (id, duration, pet_coat, pet_size, price, service_id) VALUES (23, 70, 'pelagem curta', 'pet m', 50.0,  3);
INSERT INTO service_price_and_duration (id, duration, pet_coat, pet_size, price, service_id) VALUES (24, 42, 'pelagem curta', 'pet g', 50.0,  3);
INSERT INTO service_price_and_duration (id, duration, pet_coat, pet_size, price, service_id) VALUES (25, 42, 'pelagem curta', 'pet gg', 50.0,  3);
INSERT INTO service_price_and_duration (id, duration, pet_coat, pet_size, price, service_id) VALUES (26, 60, 'pelagem longa', 'pet pp', 35.0,  3);
INSERT INTO service_price_and_duration (id, duration, pet_coat, pet_size, price, service_id) VALUES (27, 60, 'pelagem longa', 'pet p', 35.0,  3);
INSERT INTO service_price_and_duration (id, duration, pet_coat, pet_size, price, service_id) VALUES (28, 70, 'pelagem longa', 'pet m', 50.0,  3);
INSERT INTO service_price_and_duration (id, duration, pet_coat, pet_size, price, service_id) VALUES (29, 42, 'pelagem longa', 'pet g', 50.0,  3);
INSERT INTO service_price_and_duration (id, duration, pet_coat, pet_size, price, service_id) VALUES (30, 42, 'pelagem longa', 'pet gg', 50.0,  3);
INSERT INTO service_price_and_duration (id, duration, pet_coat, pet_size, price, service_id) VALUES (31, 40, 'pelagem curta', 'pet pp', 40.0,  4);
INSERT INTO service_price_and_duration (id, duration, pet_coat, pet_size, price, service_id) VALUES (32, 50, 'pelagem curta', 'pet p', 40.0,  4);
INSERT INTO service_price_and_duration (id, duration, pet_coat, pet_size, price, service_id) VALUES (33, 70, 'pelagem curta', 'pet m', 40.0,  4);
INSERT INTO service_price_and_duration (id, duration, pet_coat, pet_size, price, service_id) VALUES (34, 42, 'pelagem curta', 'pet g', 60.0,  4);
INSERT INTO service_price_and_duration (id, duration, pet_coat, pet_size, price, service_id) VALUES (35, 42, 'pelagem curta', 'pet gg', 60.0,  4);
INSERT INTO service_price_and_duration (id, duration, pet_coat, pet_size, price, service_id) VALUES (36, 40, 'pelagem longa', 'pet pp', 40.0,  4);
INSERT INTO service_price_and_duration (id, duration, pet_coat, pet_size, price, service_id) VALUES (37, 50, 'pelagem longa', 'pet p', 40.0,  4);
INSERT INTO service_price_and_duration (id, duration, pet_coat, pet_size, price, service_id) VALUES (38, 70, 'pelagem longa', 'pet m', 40.0,  4);
INSERT INTO service_price_and_duration (id, duration, pet_coat, pet_size, price, service_id) VALUES (39, 42, 'pelagem longa', 'pet g', 60.0,  4);
INSERT INTO service_price_and_duration (id, duration, pet_coat, pet_size, price, service_id) VALUES (40, 42, 'pelagem longa', 'pet gg', 60.0,  4);
INSERT INTO service_price_and_duration (id, duration, pet_coat, pet_size, price, service_id) VALUES (41, 20, 'pelagem curta', 'pet pp', 20.0,  5);
INSERT INTO service_price_and_duration (id, duration, pet_coat, pet_size, price, service_id) VALUES (42, 20, 'pelagem curta', 'pet p', 20.0,  5);
INSERT INTO service_price_and_duration (id, duration, pet_coat, pet_size, price, service_id) VALUES (43, 20, 'pelagem curta', 'pet m', 20.0,  5);
INSERT INTO service_price_and_duration (id, duration, pet_coat, pet_size, price, service_id) VALUES (44, 20, 'pelagem curta', 'pet g', 20.0,  5);
INSERT INTO service_price_and_duration (id, duration, pet_coat, pet_size, price, service_id) VALUES (45, 20, 'pelagem curta', 'pet gg', 20.0,  5);
INSERT INTO service_price_and_duration (id, duration, pet_coat, pet_size, price, service_id) VALUES (46, 20, 'pelagem longa', 'pet pp', 20.0,  5);
INSERT INTO service_price_and_duration (id, duration, pet_coat, pet_size, price, service_id) VALUES (47, 20, 'pelagem longa', 'pet p', 20.0,  5);
INSERT INTO service_price_and_duration (id, duration, pet_coat, pet_size, price, service_id) VALUES (48, 20, 'pelagem longa', 'pet m', 20.0,  5);
INSERT INTO service_price_and_duration (id, duration, pet_coat, pet_size, price, service_id) VALUES (49, 20, 'pelagem longa', 'pet g', 20.0,  5);
INSERT INTO service_price_and_duration (id, duration, pet_coat, pet_size, price, service_id) VALUES (50, 20, 'pelagem longa', 'pet gg', 20.0,  5);
INSERT INTO service_price_and_duration (id, duration, pet_coat, pet_size, price, service_id) VALUES (51, 30, 'pelagem curta', 'pet pp', 30.0,  6);
INSERT INTO service_price_and_duration (id, duration, pet_coat, pet_size, price, service_id) VALUES (52, 30, 'pelagem curta', 'pet p', 30.0,  6);
INSERT INTO service_price_and_duration (id, duration, pet_coat, pet_size, price, service_id) VALUES (53, 30, 'pelagem curta', 'pet m', 30.0,  6);
INSERT INTO service_price_and_duration (id, duration, pet_coat, pet_size, price, service_id) VALUES (54, 30, 'pelagem curta', 'pet g', 30.0,  6);
INSERT INTO service_price_and_duration (id, duration, pet_coat, pet_size, price, service_id) VALUES (55, 30, 'pelagem curta', 'pet gg', 30.0,  6);
INSERT INTO service_price_and_duration (id, duration, pet_coat, pet_size, price, service_id) VALUES (56, 30, 'pelagem longa', 'pet pp', 30.0,  6);
INSERT INTO service_price_and_duration (id, duration, pet_coat, pet_size, price, service_id) VALUES (57, 30, 'pelagem longa', 'pet p', 30.0,  6);
INSERT INTO service_price_and_duration (id, duration, pet_coat, pet_size, price, service_id) VALUES (58, 30, 'pelagem longa', 'pet m', 30.0,  6);
INSERT INTO service_price_and_duration (id, duration, pet_coat, pet_size, price, service_id) VALUES (59, 30, 'pelagem longa', 'pet g', 30.0,  6);
INSERT INTO service_price_and_duration (id, duration, pet_coat, pet_size, price, service_id) VALUES (60, 30, 'pelagem longa', 'pet gg', 30.0,  6);
INSERT INTO service_price_and_duration (id, duration, pet_coat, pet_size, price, service_id) VALUES (61, 5, 'pelagem curta', 'pet pp', 5.0,  7);
INSERT INTO service_price_and_duration (id, duration, pet_coat, pet_size, price, service_id) VALUES (62, 5, 'pelagem curta', 'pet p', 5.0,  7);
INSERT INTO service_price_and_duration (id, duration, pet_coat, pet_size, price, service_id) VALUES (63, 5, 'pelagem curta', 'pet m', 5.0,  7);
INSERT INTO service_price_and_duration (id, duration, pet_coat, pet_size, price, service_id) VALUES (64, 5, 'pelagem curta', 'pet g', 5.0,  7);
INSERT INTO service_price_and_duration (id, duration, pet_coat, pet_size, price, service_id) VALUES (65, 5, 'pelagem curta', 'pet gg', 5.0,  7);
INSERT INTO service_price_and_duration (id, duration, pet_coat, pet_size, price, service_id) VALUES (66, 5, 'pelagem longa', 'pet pp', 5.0,  7);
INSERT INTO service_price_and_duration (id, duration, pet_coat, pet_size, price, service_id) VALUES (67, 5, 'pelagem longa', 'pet p', 5.0,  7);
INSERT INTO service_price_and_duration (id, duration, pet_coat, pet_size, price, service_id) VALUES (68, 5, 'pelagem longa', 'pet m', 5.0,  7);
INSERT INTO service_price_and_duration (id, duration, pet_coat, pet_size, price, service_id) VALUES (69, 5, 'pelagem longa', 'pet g', 5.0,  7);
INSERT INTO service_price_and_duration (id, duration, pet_coat, pet_size, price, service_id) VALUES (70, 5, 'pelagem longa', 'pet gg', 5.0,  7);
INSERT INTO service_price_and_duration (id, duration, pet_coat, pet_size, price, service_id) VALUES (71, 5, 'pelagem curta', 'pet pp', 20.0,  8);
INSERT INTO service_price_and_duration (id, duration, pet_coat, pet_size, price, service_id) VALUES (72, 5, 'pelagem curta', 'pet p', 20.0,  8);
INSERT INTO service_price_and_duration (id, duration, pet_coat, pet_size, price, service_id) VALUES (73, 5, 'pelagem curta', 'pet m', 20.0,  8);
INSERT INTO service_price_and_duration (id, duration, pet_coat, pet_size, price, service_id) VALUES (74, 5, 'pelagem curta', 'pet g', 20.0,  8);
INSERT INTO service_price_and_duration (id, duration, pet_coat, pet_size, price, service_id) VALUES (75, 5, 'pelagem curta', 'pet gg', 20.0,  8);
INSERT INTO service_price_and_duration (id, duration, pet_coat, pet_size, price, service_id) VALUES (76, 10, 'pelagem longa', 'pet pp', 30.0,  8);
INSERT INTO service_price_and_duration (id, duration, pet_coat, pet_size, price, service_id) VALUES (77, 10, 'pelagem longa', 'pet p', 30.0,  8);
INSERT INTO service_price_and_duration (id, duration, pet_coat, pet_size, price, service_id) VALUES (78, 10, 'pelagem longa', 'pet m', 30.0,  8);
INSERT INTO service_price_and_duration (id, duration, pet_coat, pet_size, price, service_id) VALUES (79, 10, 'pelagem longa', 'pet g', 30.0,  8);
INSERT INTO service_price_and_duration (id, duration, pet_coat, pet_size, price, service_id) VALUES (80, 10, 'pelagem longa', 'pet gg', 30.0,  8);
INSERT INTO service_price_and_duration (id, duration, pet_coat, pet_size, price, service_id) VALUES (81, 10, 'pelagem curta', 'pet pp', 20.0,  9);
INSERT INTO service_price_and_duration (id, duration, pet_coat, pet_size, price, service_id) VALUES (82, 10, 'pelagem curta', 'pet p', 20.0,  9);
INSERT INTO service_price_and_duration (id, duration, pet_coat, pet_size, price, service_id) VALUES (83, 10, 'pelagem curta', 'pet m', 20.0,  9);
INSERT INTO service_price_and_duration (id, duration, pet_coat, pet_size, price, service_id) VALUES (84, 10, 'pelagem curta', 'pet g', 20.0,  9);
INSERT INTO service_price_and_duration (id, duration, pet_coat, pet_size, price, service_id) VALUES (85, 10, 'pelagem curta', 'pet gg', 20.0,  9);
INSERT INTO service_price_and_duration (id, duration, pet_coat, pet_size, price, service_id) VALUES (86, 10, 'pelagem longa', 'pet pp', 20.0,  9);
INSERT INTO service_price_and_duration (id, duration, pet_coat, pet_size, price, service_id) VALUES (87, 10, 'pelagem longa', 'pet p', 20.0,  9);
INSERT INTO service_price_and_duration (id, duration, pet_coat, pet_size, price, service_id) VALUES (88, 10, 'pelagem longa', 'pet m', 20.0,  9);
INSERT INTO service_price_and_duration (id, duration, pet_coat, pet_size, price, service_id) VALUES (89, 10, 'pelagem longa', 'pet g', 20.0,  9);
INSERT INTO service_price_and_duration (id, duration, pet_coat, pet_size, price, service_id) VALUES (90, 10, 'pelagem longa', 'pet gg', 20.0,  9);

-- Inserts para tabela employee
INSERT INTO employee (id, name) VALUES (1, 'Priscila');
INSERT INTO employee (id, name) VALUES (2, 'Rute');
INSERT INTO employee (id, name) VALUES (3, 'Keila');
INSERT INTO employee (id, name) VALUES (4, 'Taina');

-- Inserts para tabela employee_has_services
INSERT INTO employee (employee_id, service_id) VALUES (1, 1);
INSERT INTO employee (employee_id, service_id) VALUES (1, 2);
INSERT INTO employee (employee_id, service_id) VALUES (1, 3);
INSERT INTO employee (employee_id, service_id) VALUES (1, 4);
INSERT INTO employee (employee_id, service_id) VALUES (1, 4);
INSERT INTO employee (employee_id, service_id) VALUES (1, 5);
INSERT INTO employee (employee_id, service_id) VALUES (1, 6);
INSERT INTO employee (employee_id, service_id) VALUES (1, 7);
INSERT INTO employee (employee_id, service_id) VALUES (1, 8);
INSERT INTO employee (employee_id, service_id) VALUES (1, 9);

INSERT INTO employee (employee_id, service_id) VALUES (2, 1);
INSERT INTO employee (employee_id, service_id) VALUES (2, 6);
INSERT INTO employee (employee_id, service_id) VALUES (2, 7);
INSERT INTO employee (employee_id, service_id) VALUES (2, 8);
INSERT INTO employee (employee_id, service_id) VALUES (2, 9);

INSERT INTO employee (employee_id, service_id) VALUES (3, 1);
INSERT INTO employee (employee_id, service_id) VALUES (3, 6);
INSERT INTO employee (employee_id, service_id) VALUES (3, 7);
INSERT INTO employee (employee_id, service_id) VALUES (3, 8);
INSERT INTO employee (employee_id, service_id) VALUES (3, 9);

INSERT INTO employee (employee_id, service_id) VALUES (4, 1);
INSERT INTO employee (employee_id, service_id) VALUES (4, 6);
INSERT INTO employee (employee_id, service_id) VALUES (4, 7);
INSERT INTO employee (employee_id, service_id) VALUES (4, 8);
INSERT INTO employee (employee_id, service_id) VALUES (4, 9);


